9212_01Oct23_004415_01Oct23_010327,1,Zero,1,0,1,0,1696113799,1696113836,0,0,0,0,0,0,0
9212_01Oct23_004415_01Oct23_010327,1,vdM,1,0,1,1,1696113855,1696113884,-0.06824122486,-0.06824122486,0,-0.06824122486,0.06824122486,0,0
9212_01Oct23_004415_01Oct23_010327,1,vdM,1,0,1,2,1696113890,1696113919,-0.06255445612,-0.06255445612,0,-0.06255445612,0.06255445612,0,0
9212_01Oct23_004415_01Oct23_010327,1,vdM,1,0,1,3,1696113925,1696113952,-0.05686768738,-0.05686768738,0,-0.05686768738,0.05686768738,0,0
9212_01Oct23_004415_01Oct23_010327,1,vdM,1,0,1,4,1696113958,1696113987,-0.05118091865,-0.05118091865,0,-0.05118091865,0.05118091865,0,0
9212_01Oct23_004415_01Oct23_010327,1,vdM,1,0,1,5,1696113993,1696114021,-0.04549414991,-0.04549414991,0,-0.04549414991,0.04549414991,0,0
9212_01Oct23_004415_01Oct23_010327,1,vdM,1,0,1,6,1696114026,1696114056,-0.03980738117,-0.03980738117,0,-0.03980738117,0.03980738117,0,0
9212_01Oct23_004415_01Oct23_010327,1,vdM,1,0,1,7,1696114061,1696114089,-0.03412061243,-0.03412061243,0,-0.03412061243,0.03412061243,0,0
9212_01Oct23_004415_01Oct23_010327,1,vdM,1,0,1,8,1696114095,1696114124,-0.02843384369,-0.02843384369,0,-0.02843384369,0.02843384369,0,0
9212_01Oct23_004415_01Oct23_010327,1,vdM,1,0,1,9,1696114130,1696114158,-0.02274707495,-0.02274707495,0,-0.02274707495,0.02274707495,0,0
9212_01Oct23_004415_01Oct23_010327,1,vdM,1,0,1,10,1696114163,1696114193,-0.01706030622,-0.01706030622,0,-0.01706030622,0.01706030622,0,0
9212_01Oct23_004415_01Oct23_010327,1,vdM,1,0,1,11,1696114198,1696114226,-0.01137353748,-0.01137353748,0,-0.01137353748,0.01137353748,0,0
9212_01Oct23_004415_01Oct23_010327,1,vdM,1,0,1,12,1696114232,1696114261,-0.005686768738,-0.005686768738,0,-0.005686768738,0.005686768738,0,0
9212_01Oct23_004415_01Oct23_010327,1,vdM,1,0,1,13,1696114267,1696114295,0,0,0,0,0,0,0
9212_01Oct23_004415_01Oct23_010327,1,vdM,1,0,1,14,1696114300,1696114330,0.005686768738,0.005686768738,0,0.005686768738,-0.005686768738,0,0
9212_01Oct23_004415_01Oct23_010327,1,vdM,1,0,1,15,1696114335,1696114363,0.01137353748,0.01137353748,0,0.01137353748,-0.01137353748,0,0
9212_01Oct23_004415_01Oct23_010327,1,vdM,1,0,1,16,1696114369,1696114398,0.01706030622,0.01706030622,0,0.01706030622,-0.01706030622,0,0
9212_01Oct23_004415_01Oct23_010327,1,vdM,1,0,1,17,1696114404,1696114433,0.02274707495,0.02274707495,0,0.02274707495,-0.02274707495,0,0
9212_01Oct23_004415_01Oct23_010327,1,vdM,1,0,1,18,1696114437,1696114467,0.02843384369,0.02843384369,0,0.02843384369,-0.02843384369,0,0
9212_01Oct23_004415_01Oct23_010327,1,vdM,1,0,1,19,1696114472,1696114502,0.03412061243,0.03412061243,0,0.03412061243,-0.03412061243,0,0
9212_01Oct23_004415_01Oct23_010327,1,vdM,1,0,1,20,1696114507,1696114535,0.03980738117,0.03980738117,0,0.03980738117,-0.03980738117,0,0
9212_01Oct23_004415_01Oct23_010327,1,vdM,1,0,1,21,1696114541,1696114570,0.04549414991,0.04549414991,0,0.04549414991,-0.04549414991,0,0
9212_01Oct23_004415_01Oct23_010327,1,vdM,1,0,1,22,1696114576,1696114604,0.05118091865,0.05118091865,0,0.05118091865,-0.05118091865,0,0
9212_01Oct23_004415_01Oct23_010327,1,vdM,1,0,1,23,1696114609,1696114638,0.05686768738,0.05686768738,0,0.05686768738,-0.05686768738,0,0
9212_01Oct23_004415_01Oct23_010327,1,vdM,1,0,1,24,1696114644,1696114672,0.06255445612,0.06255445612,0,0.06255445612,-0.06255445612,0,0
9212_01Oct23_004415_01Oct23_010327,1,vdM,1,0,1,25,1696114679,1696114707,0.06824122486,0.06824122486,0,0.06824122486,-0.06824122486,0,0
9212_01Oct23_004415_01Oct23_010327,1,Zero,1,0,1,0,1696114723,1696114762,0,0,0,0,0,0,0
9212_01Oct23_004415_01Oct23_010327,1,Zero,2,0,1,0,1696114947,1696114995,0,0,0,0,0,0,0
9212_01Oct23_004415_01Oct23_010327,1,vdM,2,0,1,1,1696115007,1696115035,-0.04661763142,0,-0.04661763142,0,0,-0.04661763142,0.04661763142
9212_01Oct23_004415_01Oct23_010327,1,vdM,2,0,1,2,1696115041,1696115070,-0.0427328288,0,-0.0427328288,0,0,-0.0427328288,0.0427328288
9212_01Oct23_004415_01Oct23_010327,1,vdM,2,0,1,3,1696115074,1696115103,-0.03884802619,0,-0.03884802619,0,0,-0.03884802619,0.03884802619
9212_01Oct23_004415_01Oct23_010327,1,vdM,2,0,1,4,1696115108,1696115137,-0.03496322357,0,-0.03496322357,0,0,-0.03496322357,0.03496322357
9212_01Oct23_004415_01Oct23_010327,1,vdM,2,0,1,5,1696115143,1696115170,-0.03107842095,0,-0.03107842095,0,0,-0.03107842095,0.03107842095
9212_01Oct23_004415_01Oct23_010327,1,vdM,2,0,1,6,1696115176,1696115205,-0.02719361833,0,-0.02719361833,0,0,-0.02719361833,0.02719361833
9212_01Oct23_004415_01Oct23_010327,1,vdM,2,0,1,7,1696115210,1696115239,-0.02330881571,0,-0.02330881571,0,0,-0.02330881571,0.02330881571
9212_01Oct23_004415_01Oct23_010327,1,vdM,2,0,1,8,1696115243,1696115272,-0.01942401309,0,-0.01942401309,0,0,-0.01942401309,0.01942401309
9212_01Oct23_004415_01Oct23_010327,1,vdM,2,0,1,9,1696115277,1696115306,-0.01553921047,0,-0.01553921047,0,0,-0.01553921047,0.01553921047
9212_01Oct23_004415_01Oct23_010327,1,vdM,2,0,1,10,1696115310,1696115339,-0.01165440786,0,-0.01165440786,0,0,-0.01165440786,0.01165440786
9212_01Oct23_004415_01Oct23_010327,1,vdM,2,0,1,11,1696115345,1696115373,-0.007769605237,0,-0.007769605237,0,0,-0.007769605237,0.007769605237
9212_01Oct23_004415_01Oct23_010327,1,vdM,2,0,1,12,1696115379,1696115406,-0.003884802619,0,-0.003884802619,0,0,-0.003884802619,0.003884802619
9212_01Oct23_004415_01Oct23_010327,1,vdM,2,0,1,13,1696115412,1696115440,0,0,0,0,0,0,0
9212_01Oct23_004415_01Oct23_010327,1,vdM,2,0,1,14,1696115446,1696115475,0.003884802619,0,0.003884802619,0,0,0.003884802619,-0.003884802619
9212_01Oct23_004415_01Oct23_010327,1,vdM,2,0,1,15,1696115479,1696115508,0.007769605237,0,0.007769605237,0,0,0.007769605237,-0.007769605237
9212_01Oct23_004415_01Oct23_010327,1,vdM,2,0,1,16,1696115514,1696115542,0.01165440786,0,0.01165440786,0,0,0.01165440786,-0.01165440786
9212_01Oct23_004415_01Oct23_010327,1,vdM,2,0,1,17,1696115548,1696115575,0.01553921047,0,0.01553921047,0,0,0.01553921047,-0.01553921047
9212_01Oct23_004415_01Oct23_010327,1,vdM,2,0,1,18,1696115581,1696115610,0.01942401309,0,0.01942401309,0,0,0.01942401309,-0.01942401309
9212_01Oct23_004415_01Oct23_010327,1,vdM,2,0,1,19,1696115615,1696115644,0.02330881571,0,0.02330881571,0,0,0.02330881571,-0.02330881571
9212_01Oct23_004415_01Oct23_010327,1,vdM,2,0,1,20,1696115650,1696115677,0.02719361833,0,0.02719361833,0,0,0.02719361833,-0.02719361833
9212_01Oct23_004415_01Oct23_010327,1,vdM,2,0,1,21,1696115683,1696115711,0.03107842095,0,0.03107842095,0,0,0.03107842095,-0.03107842095
9212_01Oct23_004415_01Oct23_010327,1,vdM,2,0,1,22,1696115717,1696115746,0.03496322357,0,0.03496322357,0,0,0.03496322357,-0.03496322357
9212_01Oct23_004415_01Oct23_010327,1,vdM,2,0,1,23,1696115750,1696115779,0.03884802619,0,0.03884802619,0,0,0.03884802619,-0.03884802619
9212_01Oct23_004415_01Oct23_010327,1,vdM,2,0,1,24,1696115784,1696115813,0.0427328288,0,0.0427328288,0,0,0.0427328288,-0.0427328288
9212_01Oct23_004415_01Oct23_010327,1,vdM,2,0,1,25,1696115819,1696115846,0.04661763142,0,0.04661763142,0,0,0.04661763142,-0.04661763142
9212_01Oct23_004415_01Oct23_010327,1,Zero,2,0,1,0,1696115860,1696115900,0,0,0,0,0,0,0
9212_01Oct23_020644_01Oct23_022335,2,Zero,2,0,2,0,1696118749,1696118784,0,0,0,0,0,0,0
9212_01Oct23_020644_01Oct23_022335,2,vdM,2,0,2,1,1696118804,1696118833,-0.04661763142,0,-0.04661763142,0,0,-0.04661763142,0.04661763142
9212_01Oct23_020644_01Oct23_022335,2,vdM,2,0,2,2,1696118837,1696118866,-0.0427328288,0,-0.0427328288,0,0,-0.0427328288,0.0427328288
9212_01Oct23_020644_01Oct23_022335,2,vdM,2,0,2,3,1696118872,1696118900,-0.03884802619,0,-0.03884802619,0,0,-0.03884802619,0.03884802619
9212_01Oct23_020644_01Oct23_022335,2,vdM,2,0,2,4,1696118906,1696118934,-0.03496322357,0,-0.03496322357,0,0,-0.03496322357,0.03496322357
9212_01Oct23_020644_01Oct23_022335,2,vdM,2,0,2,5,1696118939,1696118968,-0.03107842095,0,-0.03107842095,0,0,-0.03107842095,0.03107842095
9212_01Oct23_020644_01Oct23_022335,2,vdM,2,0,2,6,1696118973,1696119002,-0.02719361833,0,-0.02719361833,0,0,-0.02719361833,0.02719361833
9212_01Oct23_020644_01Oct23_022335,2,vdM,2,0,2,7,1696119006,1696119036,-0.02330881571,0,-0.02330881571,0,0,-0.02330881571,0.02330881571
9212_01Oct23_020644_01Oct23_022335,2,vdM,2,0,2,8,1696119041,1696119069,-0.01942401309,0,-0.01942401309,0,0,-0.01942401309,0.01942401309
9212_01Oct23_020644_01Oct23_022335,2,vdM,2,0,2,9,1696119075,1696119104,-0.01553921047,0,-0.01553921047,0,0,-0.01553921047,0.01553921047
9212_01Oct23_020644_01Oct23_022335,2,vdM,2,0,2,10,1696119108,1696119137,-0.01165440786,0,-0.01165440786,0,0,-0.01165440786,0.01165440786
9212_01Oct23_020644_01Oct23_022335,2,vdM,2,0,2,11,1696119142,1696119171,-0.007769605237,0,-0.007769605237,0,0,-0.007769605237,0.007769605237
9212_01Oct23_020644_01Oct23_022335,2,vdM,2,0,2,12,1696119177,1696119205,-0.003884802619,0,-0.003884802619,0,0,-0.003884802619,0.003884802619
9212_01Oct23_020644_01Oct23_022335,2,vdM,2,0,2,13,1696119210,1696119239,0,0,0,0,0,0,0
9212_01Oct23_020644_01Oct23_022335,2,vdM,2,0,2,14,1696119244,1696119273,0.003884802619,0,0.003884802619,0,0,0.003884802619,-0.003884802619
9212_01Oct23_020644_01Oct23_022335,2,vdM,2,0,2,15,1696119277,1696119306,0.007769605237,0,0.007769605237,0,0,0.007769605237,-0.007769605237
9212_01Oct23_020644_01Oct23_022335,2,vdM,2,0,2,16,1696119311,1696119340,0.01165440786,0,0.01165440786,0,0,0.01165440786,-0.01165440786
9212_01Oct23_020644_01Oct23_022335,2,vdM,2,0,2,17,1696119346,1696119374,0.01553921047,0,0.01553921047,0,0,0.01553921047,-0.01553921047
9212_01Oct23_020644_01Oct23_022335,2,vdM,2,0,2,18,1696119379,1696119408,0.01942401309,0,0.01942401309,0,0,0.01942401309,-0.01942401309
9212_01Oct23_020644_01Oct23_022335,2,vdM,2,0,2,19,1696119413,1696119442,0.02330881571,0,0.02330881571,0,0,0.02330881571,-0.02330881571
9212_01Oct23_020644_01Oct23_022335,2,vdM,2,0,2,20,1696119446,1696119476,0.02719361833,0,0.02719361833,0,0,0.02719361833,-0.02719361833
9212_01Oct23_020644_01Oct23_022335,2,vdM,2,0,2,21,1696119481,1696119509,0.03107842095,0,0.03107842095,0,0,0.03107842095,-0.03107842095
9212_01Oct23_020644_01Oct23_022335,2,vdM,2,0,2,22,1696119515,1696119544,0.03496322357,0,0.03496322357,0,0,0.03496322357,-0.03496322357
9212_01Oct23_020644_01Oct23_022335,2,vdM,2,0,2,23,1696119548,1696119577,0.03884802619,0,0.03884802619,0,0,0.03884802619,-0.03884802619
9212_01Oct23_020644_01Oct23_022335,2,vdM,2,0,2,24,1696119582,1696119611,0.0427328288,0,0.0427328288,0,0,0.0427328288,-0.0427328288
9212_01Oct23_020644_01Oct23_022335,2,vdM,2,0,2,25,1696119615,1696119645,0.04661763142,0,0.04661763142,0,0,0.04661763142,-0.04661763142
9212_01Oct23_020644_01Oct23_022335,2,Zero,2,0,2,0,1696119657,1696119693,0,0,0,0,0,0,0
9212_01Oct23_020644_01Oct23_022335,2,Zero,1,0,2,0,1696119765,1696119802,0,0,0,0,0,0,0
9212_01Oct23_020644_01Oct23_022335,2,vdM,1,0,2,1,1696119815,1696119844,-0.06824122486,-0.06824122486,0,-0.06824122486,0.06824122486,0,0
9212_01Oct23_020644_01Oct23_022335,2,vdM,1,0,2,2,1696119850,1696119878,-0.06255445612,-0.06255445612,0,-0.06255445612,0.06255445612,0,0
9212_01Oct23_020644_01Oct23_022335,2,vdM,1,0,2,3,1696119883,1696119913,-0.05686768738,-0.05686768738,0,-0.05686768738,0.05686768738,0,0
9212_01Oct23_020644_01Oct23_022335,2,vdM,1,0,2,4,1696119918,1696119948,-0.05118091865,-0.05118091865,0,-0.05118091865,0.05118091865,0,0
9212_01Oct23_020644_01Oct23_022335,2,vdM,1,0,2,5,1696119953,1696119981,-0.04549414991,-0.04549414991,0,-0.04549414991,0.04549414991,0,0
9212_01Oct23_020644_01Oct23_022335,2,vdM,1,0,2,6,1696119987,1696120016,-0.03980738117,-0.03980738117,0,-0.03980738117,0.03980738117,0,0
9212_01Oct23_020644_01Oct23_022335,2,vdM,1,0,2,7,1696120022,1696120049,-0.03412061243,-0.03412061243,0,-0.03412061243,0.03412061243,0,0
9212_01Oct23_020644_01Oct23_022335,2,vdM,1,0,2,8,1696120055,1696120084,-0.02843384369,-0.02843384369,0,-0.02843384369,0.02843384369,0,0
9212_01Oct23_020644_01Oct23_022335,2,vdM,1,0,2,9,1696120090,1696120118,-0.02274707495,-0.02274707495,0,-0.02274707495,0.02274707495,0,0
9212_01Oct23_020644_01Oct23_022335,2,vdM,1,0,2,10,1696120124,1696120153,-0.01706030622,-0.01706030622,0,-0.01706030622,0.01706030622,0,0
9212_01Oct23_020644_01Oct23_022335,2,vdM,1,0,2,11,1696120159,1696120186,-0.01137353748,-0.01137353748,0,-0.01137353748,0.01137353748,0,0
9212_01Oct23_020644_01Oct23_022335,2,vdM,1,0,2,12,1696120192,1696120221,-0.005686768738,-0.005686768738,0,-0.005686768738,0.005686768738,0,0
9212_01Oct23_020644_01Oct23_022335,2,vdM,1,0,2,13,1696120227,1696120256,0,0,0,0,0,0,0
9212_01Oct23_020644_01Oct23_022335,2,vdM,1,0,2,14,1696120262,1696120290,0.005686768738,0.005686768738,0,0.005686768738,-0.005686768738,0,0
9212_01Oct23_020644_01Oct23_022335,2,vdM,1,0,2,15,1696120296,1696120325,0.01137353748,0.01137353748,0,0.01137353748,-0.01137353748,0,0
9212_01Oct23_020644_01Oct23_022335,2,vdM,1,0,2,16,1696120331,1696120358,0.01706030622,0.01706030622,0,0.01706030622,-0.01706030622,0,0
9212_01Oct23_020644_01Oct23_022335,2,vdM,1,0,2,17,1696120364,1696120393,0.02274707495,0.02274707495,0,0.02274707495,-0.02274707495,0,0
9212_01Oct23_020644_01Oct23_022335,2,vdM,1,0,2,18,1696120399,1696120427,0.02843384369,0.02843384369,0,0.02843384369,-0.02843384369,0,0
9212_01Oct23_020644_01Oct23_022335,2,vdM,1,0,2,19,1696120433,1696120462,0.03412061243,0.03412061243,0,0.03412061243,-0.03412061243,0,0
9212_01Oct23_020644_01Oct23_022335,2,vdM,1,0,2,20,1696120468,1696120497,0.03980738117,0.03980738117,0,0.03980738117,-0.03980738117,0,0
9212_01Oct23_020644_01Oct23_022335,2,vdM,1,0,2,21,1696120501,1696120530,0.04549414991,0.04549414991,0,0.04549414991,-0.04549414991,0,0
9212_01Oct23_020644_01Oct23_022335,2,vdM,1,0,2,22,1696120536,1696120565,0.05118091865,0.05118091865,0,0.05118091865,-0.05118091865,0,0
9212_01Oct23_020644_01Oct23_022335,2,vdM,1,0,2,23,1696120571,1696120599,0.05686768738,0.05686768738,0,0.05686768738,-0.05686768738,0,0
9212_01Oct23_020644_01Oct23_022335,2,vdM,1,0,2,24,1696120605,1696120634,0.06255445612,0.06255445612,0,0.06255445612,-0.06255445612,0,0
9212_01Oct23_020644_01Oct23_022335,2,vdM,1,0,2,25,1696120640,1696120667,0.06824122486,0.06824122486,0,0.06824122486,-0.06824122486,0,0
9212_01Oct23_020644_01Oct23_022335,2,Zero,1,0,2,0,1696120684,1696120718,0,0,0,0,0,0,0
9212_01Oct23_020644_01Oct23_022335,2,Zero,1,0,3,0,1696127038,1696127068,0,0,0,0,0,0,0
9212_01Oct23_042441_01Oct23_044343,3,vdM,1,0,3,1,1696127081,1696127108,-0.06824122486,-0.06824122486,0,-0.06824122486,0.06824122486,0,0
9212_01Oct23_042441_01Oct23_044343,3,vdM,1,0,3,2,1696127114,1696127143,-0.06255445612,-0.06255445612,0,-0.06255445612,0.06255445612,0,0
9212_01Oct23_042441_01Oct23_044343,3,vdM,1,0,3,3,1696127149,1696127178,-0.05686768738,-0.05686768738,0,-0.05686768738,0.05686768738,0,0
9212_01Oct23_042441_01Oct23_044343,3,vdM,1,0,3,4,1696127184,1696127213,-0.05118091865,-0.05118091865,0,-0.05118091865,0.05118091865,0,0
9212_01Oct23_042441_01Oct23_044343,3,vdM,1,0,3,5,1696127218,1696127247,-0.04549414991,-0.04549414991,0,-0.04549414991,0.04549414991,0,0
9212_01Oct23_042441_01Oct23_044343,3,vdM,1,0,3,6,1696127253,1696127282,-0.03980738117,-0.03980738117,0,-0.03980738117,0.03980738117,0,0
9212_01Oct23_042441_01Oct23_044343,3,vdM,1,0,3,7,1696127288,1696127315,-0.03412061243,-0.03412061243,0,-0.03412061243,0.03412061243,0,0
9212_01Oct23_042441_01Oct23_044343,3,vdM,1,0,3,8,1696127321,1696127350,-0.02843384369,-0.02843384369,0,-0.02843384369,0.02843384369,0,0
9212_01Oct23_042441_01Oct23_044343,3,vdM,1,0,3,9,1696127355,1696127384,-0.02274707495,-0.02274707495,0,-0.02274707495,0.02274707495,0,0
9212_01Oct23_042441_01Oct23_044343,3,vdM,1,0,3,10,1696127390,1696127417,-0.01706030622,-0.01706030622,0,-0.01706030622,0.01706030622,0,0
9212_01Oct23_042441_01Oct23_044343,3,vdM,1,0,3,11,1696127423,1696127452,-0.01137353748,-0.01137353748,0,-0.01137353748,0.01137353748,0,0
9212_01Oct23_042441_01Oct23_044343,3,vdM,1,0,3,12,1696127458,1696127487,-0.005686768738,-0.005686768738,0,-0.005686768738,0.005686768738,0,0
9212_01Oct23_042441_01Oct23_044343,3,vdM,1,0,3,13,1696127492,1696127521,0,0,0,0,0,0,0
9212_01Oct23_042441_01Oct23_044343,3,vdM,1,0,3,14,1696127527,1696127556,0.005686768738,0.005686768738,0,0.005686768738,-0.005686768738,0,0
9212_01Oct23_042441_01Oct23_044343,3,vdM,1,0,3,15,1696127561,1696127589,0.01137353748,0.01137353748,0,0.01137353748,-0.01137353748,0,0
9212_01Oct23_042441_01Oct23_044343,3,vdM,1,0,3,16,1696127595,1696127624,0.01706030622,0.01706030622,0,0.01706030622,-0.01706030622,0,0
9212_01Oct23_042441_01Oct23_044343,3,vdM,1,0,3,17,1696127630,1696127659,0.02274707495,0.02274707495,0,0.02274707495,-0.02274707495,0,0
9212_01Oct23_042441_01Oct23_044343,3,vdM,1,0,3,18,1696127665,1696127693,0.02843384369,0.02843384369,0,0.02843384369,-0.02843384369,0,0
9212_01Oct23_042441_01Oct23_044343,3,vdM,1,0,3,19,1696127698,1696127728,0.03412061243,0.03412061243,0,0.03412061243,-0.03412061243,0,0
9212_01Oct23_042441_01Oct23_044343,3,vdM,1,0,3,20,1696127733,1696127763,0.03980738117,0.03980738117,0,0.03980738117,-0.03980738117,0,0
9212_01Oct23_042441_01Oct23_044343,3,vdM,1,0,3,21,1696127768,1696127796,0.04549414991,0.04549414991,0,0.04549414991,-0.04549414991,0,0
9212_01Oct23_042441_01Oct23_044343,3,vdM,1,0,3,22,1696127802,1696127831,0.05118091865,0.05118091865,0,0.05118091865,-0.05118091865,0,0
9212_01Oct23_042441_01Oct23_044343,3,vdM,1,0,3,23,1696127837,1696127866,0.05686768738,0.05686768738,0,0.05686768738,-0.05686768738,0,0
9212_01Oct23_042441_01Oct23_044343,3,vdM,1,0,3,24,1696127872,1696127899,0.06255445612,0.06255445612,0,0.06255445612,-0.06255445612,0,0
9212_01Oct23_042441_01Oct23_044343,3,vdM,1,0,3,25,1696127905,1696127934,0.06824122486,0.06824122486,0,0.06824122486,-0.06824122486,0,0
9212_01Oct23_042441_01Oct23_044343,3,Zero,1,0,3,0,1696127954,1696127986,0,0,0,0,0,0,0
9212_01Oct23_042441_01Oct23_044343,3,Zero,2,0,3,0,1696128177,1696128207,0,0,0,0,0,0,0
9212_01Oct23_042441_01Oct23_044343,3,vdM,2,0,3,1,1696128223,1696128252,-0.04661763142,0,-0.04661763142,0,0,-0.04661763142,0.04661763142
9212_01Oct23_042441_01Oct23_044343,3,vdM,2,0,3,2,1696128258,1696128286,-0.0427328288,0,-0.0427328288,0,0,-0.0427328288,0.0427328288
9212_01Oct23_042441_01Oct23_044343,3,vdM,2,0,3,3,1696128291,1696128319,-0.03884802619,0,-0.03884802619,0,0,-0.03884802619,0.03884802619
9212_01Oct23_042441_01Oct23_044343,3,vdM,2,0,3,4,1696128325,1696128354,-0.03496322357,0,-0.03496322357,0,0,-0.03496322357,0.03496322357
9212_01Oct23_042441_01Oct23_044343,3,vdM,2,0,3,5,1696128358,1696128388,-0.03107842095,0,-0.03107842095,0,0,-0.03107842095,0.03107842095
9212_01Oct23_042441_01Oct23_044343,3,vdM,2,0,3,6,1696128393,1696128421,-0.02719361833,0,-0.02719361833,0,0,-0.02719361833,0.02719361833
9212_01Oct23_042441_01Oct23_044343,3,vdM,2,0,3,7,1696128427,1696128455,-0.02330881571,0,-0.02330881571,0,0,-0.02330881571,0.02330881571
9212_01Oct23_042441_01Oct23_044343,3,vdM,2,0,3,8,1696128460,1696128490,-0.01942401309,0,-0.01942401309,0,0,-0.01942401309,0.01942401309
9212_01Oct23_042441_01Oct23_044343,3,vdM,2,0,3,9,1696128494,1696128523,-0.01553921047,0,-0.01553921047,0,0,-0.01553921047,0.01553921047
9212_01Oct23_042441_01Oct23_044343,3,vdM,2,0,3,10,1696128527,1696128557,-0.01165440786,0,-0.01165440786,0,0,-0.01165440786,0.01165440786
9212_01Oct23_042441_01Oct23_044343,3,vdM,2,0,3,11,1696128562,1696128590,-0.007769605237,0,-0.007769605237,0,0,-0.007769605237,0.007769605237
9212_01Oct23_042441_01Oct23_044343,3,vdM,2,0,3,12,1696128596,1696128625,-0.003884802619,0,-0.003884802619,0,0,-0.003884802619,0.003884802619
9212_01Oct23_042441_01Oct23_044343,3,vdM,2,0,3,13,1696128629,1696128659,0,0,0,0,0,0,0
9212_01Oct23_042441_01Oct23_044343,3,vdM,2,0,3,14,1696128663,1696128692,0.003884802619,0,0.003884802619,0,0,0.003884802619,-0.003884802619
9212_01Oct23_042441_01Oct23_044343,3,vdM,2,0,3,15,1696128698,1696128726,0.007769605237,0,0.007769605237,0,0,0.007769605237,-0.007769605237
9212_01Oct23_042441_01Oct23_044343,3,vdM,2,0,3,16,1696128731,1696128759,0.01165440786,0,0.01165440786,0,0,0.01165440786,-0.01165440786
9212_01Oct23_042441_01Oct23_044343,3,vdM,2,0,3,17,1696128765,1696128794,0.01553921047,0,0.01553921047,0,0,0.01553921047,-0.01553921047
9212_01Oct23_042441_01Oct23_044343,3,vdM,2,0,3,18,1696128798,1696128828,0.01942401309,0,0.01942401309,0,0,0.01942401309,-0.01942401309
9212_01Oct23_042441_01Oct23_044343,3,vdM,2,0,3,19,1696128833,1696128861,0.02330881571,0,0.02330881571,0,0,0.02330881571,-0.02330881571
9212_01Oct23_042441_01Oct23_044343,3,vdM,2,0,3,20,1696128867,1696128895,0.02719361833,0,0.02719361833,0,0,0.02719361833,-0.02719361833
9212_01Oct23_042441_01Oct23_044343,3,vdM,2,0,3,21,1696128900,1696128930,0.03107842095,0,0.03107842095,0,0,0.03107842095,-0.03107842095
9212_01Oct23_042441_01Oct23_044343,3,vdM,2,0,3,22,1696128934,1696128963,0.03496322357,0,0.03496322357,0,0,0.03496322357,-0.03496322357
9212_01Oct23_042441_01Oct23_044343,3,vdM,2,0,3,23,1696128967,1696128997,0.03884802619,0,0.03884802619,0,0,0.03884802619,-0.03884802619
9212_01Oct23_042441_01Oct23_044343,3,vdM,2,0,3,24,1696129002,1696129030,0.0427328288,0,0.0427328288,0,0,0.0427328288,-0.0427328288
9212_01Oct23_042441_01Oct23_044343,3,vdM,2,0,3,25,1696129036,1696129065,0.04661763142,0,0.04661763142,0,0,0.04661763142,-0.04661763142
9212_01Oct23_042441_01Oct23_044343,3,Zero,2,0,3,0,1696129077,1696129112,0,0,0,0,0,0,0